{
  "token_acc": 0.9992812865,
  "token_p": 0.9980235379,
  "token_r": 0.9978442468,
  "token_f": 0.9979338843,
  "pos_acc": 0.9740709118,
  "morph_acc": 0.9718189582,
  "morph_micro_p": 0.9869342739,
  "morph_micro_r": 0.9803592578,
  "morph_micro_f": 0.9836357785,
  "morph_per_feat": {
    "Gender": {
      "p": 0.9905505341,
      "r": 0.9844834626,
      "f": 0.9875076797
    },
    "Number": {
      "p": 0.9932170543,
      "r": 0.9874759152,
      "f": 0.9903381643
    },
    "NumType": {
      "p": 0.9848484848,
      "r": 0.9594095941,
      "f": 0.9719626168
    },
    "Definite": {
      "p": 0.9964476021,
      "r": 0.9982206406,
      "f": 0.9973333333
    },
    "PronType": {
      "p": 0.9896222499,
      "r": 0.9859387924,
      "f": 0.9877770872
    },
    "Mood": {
      "p": 0.9573690621,
      "r": 0.943577431,
      "f": 0.9504232164
    },
    "Person": {
      "p": 0.969488189,
      "r": 0.9535333979,
      "f": 0.9614446071
    },
    "Tense": {
      "p": 0.9673539519,
      "r": 0.9582978723,
      "f": 0.9628046174
    },
    "VerbForm": {
      "p": 0.9783368274,
      "r": 0.9702009702,
      "f": 0.9742519137
    },
    "Degree": {
      "p": 0.8823529412,
      "r": 0.8823529412,
      "f": 0.8823529412
    },
    "Clitic": {
      "p": 0.9945355191,
      "r": 0.9732620321,
      "f": 0.9837837838
    },
    "Poss": {
      "p": 0.9852941176,
      "r": 1.0,
      "f": 0.9925925926
    },
    "Polarity": {
      "p": 1.0,
      "r": 0.3333333333,
      "f": 0.5
    },
    "Foreign": {
      "p": 0.8333333333,
      "r": 1.0,
      "f": 0.9090909091
    }
  },
  "tag_acc": 0.9707917678,
  "sents_p": 0.972027972,
  "sents_r": 0.9858156028,
  "sents_f": 0.9788732394,
  "dep_uas": 0.9102788353,
  "dep_las": 0.8735466612,
  "dep_las_per_type": {
    "root": {
      "p": 0.8968531469,
      "r": 0.9095744681,
      "f": 0.9031690141
    },
    "flat:name": {
      "p": 0.908496732,
      "r": 0.8797468354,
      "f": 0.8938906752
    },
    "case": {
      "p": 0.9811664642,
      "r": 0.9829580037,
      "f": 0.9820614168
    },
    "nmod": {
      "p": 0.8,
      "r": 0.8220858896,
      "f": 0.810892587
    },
    "nummod": {
      "p": 0.8944444444,
      "r": 0.875,
      "f": 0.8846153846
    },
    "det": {
      "p": 0.9716636197,
      "r": 0.9770220588,
      "f": 0.974335472
    },
    "nsubj": {
      "p": 0.8512720157,
      "r": 0.8397683398,
      "f": 0.8454810496
    },
    "aux": {
      "p": 0.9490740741,
      "r": 0.9447004608,
      "f": 0.9468822171
    },
    "advmod": {
      "p": 0.8306997743,
      "r": 0.8440366972,
      "f": 0.8373151308
    },
    "obj": {
      "p": 0.8661800487,
      "r": 0.89,
      "f": 0.8779284834
    },
    "cc": {
      "p": 0.905362776,
      "r": 0.8803680982,
      "f": 0.8926905132
    },
    "conj": {
      "p": 0.6989795918,
      "r": 0.7405405405,
      "f": 0.719160105
    },
    "det:predet": {
      "p": 0.9473684211,
      "r": 1.0,
      "f": 0.972972973
    },
    "amod": {
      "p": 0.9077155825,
      "r": 0.8995502249,
      "f": 0.9036144578
    },
    "mark": {
      "p": 0.9218106996,
      "r": 0.9256198347,
      "f": 0.9237113402
    },
    "cop": {
      "p": 0.8549618321,
      "r": 0.8888888889,
      "f": 0.8715953307
    },
    "xcomp": {
      "p": 0.75,
      "r": 0.71875,
      "f": 0.7340425532
    },
    "obl": {
      "p": 0.820754717,
      "r": 0.7631578947,
      "f": 0.7909090909
    },
    "acl:relcl": {
      "p": 0.8015267176,
      "r": 0.7664233577,
      "f": 0.7835820896
    },
    "acl": {
      "p": 0.6380952381,
      "r": 0.5826086957,
      "f": 0.6090909091
    },
    "ccomp": {
      "p": 0.6984126984,
      "r": 0.7096774194,
      "f": 0.704
    },
    "expl": {
      "p": 0.8684210526,
      "r": 0.8461538462,
      "f": 0.8571428571
    },
    "nsubj:pass": {
      "p": 0.7764705882,
      "r": 0.8148148148,
      "f": 0.7951807229
    },
    "aux:pass": {
      "p": 0.8780487805,
      "r": 0.9113924051,
      "f": 0.8944099379
    },
    "parataxis": {
      "p": 0.5454545455,
      "r": 0.1935483871,
      "f": 0.2857142857
    },
    "advcl": {
      "p": 0.5815602837,
      "r": 0.5774647887,
      "f": 0.5795053004
    },
    "expl:pass": {
      "p": 0.5,
      "r": 0.7272727273,
      "f": 0.5925925926
    },
    "det:poss": {
      "p": 0.9855072464,
      "r": 1.0,
      "f": 0.9927007299
    },
    "flat": {
      "p": 1.0,
      "r": 1.0,
      "f": 1.0
    },
    "appos": {
      "p": 0.475,
      "r": 0.4871794872,
      "f": 0.4810126582
    },
    "obl:agent": {
      "p": 0.880952381,
      "r": 0.880952381,
      "f": 0.880952381
    },
    "dep": {
      "p": 0.0,
      "r": 0.0,
      "f": 0.0
    },
    "iobj": {
      "p": 0.8947368421,
      "r": 0.85,
      "f": 0.8717948718
    },
    "expl:impers": {
      "p": 0.7,
      "r": 0.875,
      "f": 0.7777777778
    },
    "csubj": {
      "p": 0.5384615385,
      "r": 0.5384615385,
      "f": 0.5384615385
    },
    "compound": {
      "p": 0.64,
      "r": 0.6153846154,
      "f": 0.6274509804
    },
    "discourse": {
      "p": 0.0,
      "r": 0.0,
      "f": 0.0
    },
    "fixed": {
      "p": 0.875,
      "r": 0.75,
      "f": 0.8076923077
    },
    "orphan": {
      "p": 0.0,
      "r": 0.0,
      "f": 0.0
    },
    "flat:foreign": {
      "p": 1.0,
      "r": 0.6666666667,
      "f": 0.8
    },
    "vocative": {
      "p": 0.3333333333,
      "r": 0.3333333333,
      "f": 0.3333333333
    }
  },
  "lemma_acc": 0.9725916607,
  "ents_p": 0.8742104032,
  "ents_r": 0.8740399984,
  "ents_f": 0.8741251925,
  "ents_per_type": {
    "LOC": {
      "p": 0.884621241,
      "r": 0.9102624363,
      "f": 0.8972586873
    },
    "PER": {
      "p": 0.9149208153,
      "r": 0.9156361052,
      "f": 0.9152783205
    },
    "MISC": {
      "p": 0.7811988696,
      "r": 0.7216268206,
      "f": 0.7502321263
    },
    "ORG": {
      "p": 0.8217164533,
      "r": 0.7834538879,
      "f": 0.8021291368
    }
  },
  "speed": 10380.1499825764
}